{"epoch": 0, "trn_loss": 0.9760176241397858, "trn_dice_loss": 0.7798106074333191, "trn_bce_loss": 1.1722246408462524, "val_loss": 1.0011966228485107, "val_dice_loss": 0.8091152906417847, "val_bce_loss": 1.1932779550552368, "_runtime": 117, "_timestamp": 1629391532, "_step": 0}