{"epoch": 0, "trn_loss": 1.1722246408462524, "trn_dice": 0.2201893925666809, "val_loss": 1.1932779550552368, "val_dice": 0.19088466465473175, "_runtime": 117, "_timestamp": 1629394199, "_step": 0}